table, a, b, c 
C:/Git_repos/channel_power_law/tables\test_table.csv, 0.0005960974424465814, -0.25281383388534234, 545.0234686303686
