table, a, b, c, residuals 
C:/Git_repos/channel_fitting/tables\test_profile.csv, 0.0005960974424465814, -0.25281383388534234, 545.0234686303686, 182.5911077228344
